"college","cour","section","instructor","max","open"
"BUS","ACC 204.","1","Carol Sargent",36,0
"BUS","ACC 204.","2","Carol Sargent",36,0
"BUS","ACC 204.","3","Blake Bowler",36,1
"BUS","ACC 204.","4","Stephanie Morris",20,0
"BUS","ACC 204.","5","Stephanie Morris",20,0
"BUS","ACC 205.","1","Anita Kapoor",30,6
"BUS","ACC 305.","1","Anissa Jordan",1,0
"BUS","ACC 331.","1","Blake Bowler",35,7
"BUS","ACC 375.","1","Stephanie Morris",22,0
"BUS","ACC 375.","1W1M","Marlissa Phillips",30,23
"BUS","ACC 377.","1","Judy Ware",25,4
"BUS","ACC 431.","1","Carol Sargent",25,5
"BUS","BUS 202.","1","Donna Terrill",32,0
"BUS","BUS 202.","2","Donna Terrill",32,17
"BUS","BUS 275.","1","Marko Horn",30,18
"BUS","BUS 281.","1","James Bumpus",25,0
"BUS","BUS 281.","2","Pamela Burkhalter",20,0
"BUS","BUS 281.","3","Pamela Burkhalter",20,0
"BUS","BUS 305.","1","Anissa Jordan",1,0
"BUS","BUS 346.","1","Jason Ashford",36,0
"BUS","BUS 346.","2","James Hunt",37,1
"BUS","BUS 346.","3","James Hunt",36,0
"BUS","BUS 346.","1W1","Derrick Pope",30,15
"BUS","BUS 349.","1W1","James Wood",30,0
"BUS","BUS 350.","1","Rui Sun",33,17
"BUS","BUS 350.","2","Rui Sun",33,3
"BUS","BUS 350.","3","Rui Sun",24,1
"BUS","BUS 350.","2W1","Allen Lynch",30,0
"BUS","BUS 402.","1","Ashley Herman",30,13
"BUS","BUS 402.","2","Ashley Herman",30,20
"BUS","BUS 402.","3","Course #Cancelled",30,30
"BUS","BUS 482.","1","Donna Terrill",25,5
"BUS","BUS 482.","2","Donna Terrill",26,7
"BUS","ECN 150.","1","Robert Ragan",45,2
"BUS","ECN 150.","2","Robert Ragan",45,16
"BUS","ECN 150.","3","Andres Marroquin",45,0
"BUS","ECN 150.","4","Andres Marroquin",45,1
"BUS","ECN 150.","1W1","David Kahn",30,0
"BUS","ECN 151.","1","Allen Lynch",45,4
"BUS","ECN 151.","2","Allen Lynch",45,4
"BUS","ECN 151.","3","Earl Shinn",45,25
"BUS","ECN 303.","1","Andres Marroquin",33,6
"BUS","ECN 310.","1","Robert Ragan",25,1
"BUS","ECN 441.","1","Antonio Saravia",42,34
"BUS","ECN 441.","2","Antonio Saravia",35,16
"BUS","ECN 478.","1","Antonio Saravia",1,0
"BUS","ECN 478.","2","Andres Marroquin",1,1
"BUS","ECN 478.","3","Robert Ragan",1,0
"BUS","FIN 362.","1","John Gordon",26,0
"BUS","FIN 362.","2","Peter Williams",30,3
"BUS","FIN 395.","1","Kenneth Tah",35,14
"BUS","FIN 404.","1","Kenneth Tah",30,7
"BUS","FIN 404.","2","Kenneth Tah",30,15
"BUS","FIN 406.","1","Geoffrey Ngene",20,10
"BUS","FIN 409.","2","Charles Lambert",30,17
"BUS","FIN 416.","1","John Gordon",20,2
"BUS","FIN 417.","1","Christopher Orrison",15,15
"BUS","FIN 463.","1","Geoffrey Ngene",25,12
"BUS","FIN 463.","2","Geoffrey Ngene",25,1
"BUS","FIN 477.","1","James Henry",30,25
"BUS","FIN 478.","1","Geoffrey Ngene",1,0
"BUS","FIN 478.","2","Geoffrey Ngene",1,1
"BUS","MGT 363.","1","Agnieszka Shepard",58,0
"BUS","MGT 363.","2","Agnieszka Shepard",51,0
"BUS","MGT 363.","1W1","Laura Morrow",30,0
"BUS","MGT 375.","1","Holly Campbell",25,0
"BUS","MGT 375.","2","Holly Campbell",25,8
"BUS","MGT 382.","1","Ali Tolooie",35,15
"BUS","MGT 382.","2W1T","Bradley Wilson",30,10
"BUS","MGT 420.","1","Krista Massey",22,0
"BUS","MGT 423.","2W1","Laura Morrow",30,0
"BUS","MGT 427.","1","Marko Horn",30,6
"BUS","MGT 427.","2","Marko Horn",30,6
"BUS","MGT 427.","1W1","Briana Stenard",31,0
"BUS","MGT 429.","1","Felicer Lewis",35,0
"BUS","MGT 472.","1","Stephanie Howard",15,3
"BUS","MGT 472.","2","Stephanie Howard",15,0
"BUS","MGT 477.","1","Harold Tessendorf",25,4
"BUS","MGT 477.","2","Tammy Crutchfield",1,0
"BUS","MGT 477.","3","Tammy Crutchfield",1,0
"BUS","MGT 478.","1","Juanita Forrester",1,0
"BUS","MGT 478.","2","Agnieszka Shepard",1,1
"BUS","MGT 498.","1","John Gordon",25,0
"BUS","MGT 498.","2","John Gordon",25,1
"BUS","MKT 361.","1","Stephanie Howard",51,0
"BUS","MKT 361.","2","Stephanie Howard",51,0
"BUS","MKT 415.","0V1","Tammy Crutchfield",20,3
"BUS","MKT 415.","0V2","Tammy Crutchfield",25,0
"BUS","MKT 415.","2W1","Gina Miller",30,18
"BUS","MKT 420.","1","Gregory McAmis",20,0
"BUS","MKT 442.","1","Krista Massey",30,2
"BUS","MKT 442.","2","Krista Massey",30,4
"BUS","MKT 442.","1W1","Gina Miller",30,12
"BUS","MKT 472.","1","Stephanie Howard",15,4
"BUS","MKT 472.","2","Stephanie Howard",15,0
"BUS","MKT 477.","1","Matthew Michael",20,20
"BUS","MKT 477.","2","Brandon Raphael",25,0
"BUS","MKT 478.","1","TBA #Staff",1,1
"BUS","MKT 478.","2","Laura Boman",1,0
"BUS","SBM 401.","1","Laura Boman",40,13
"BUS","SBM 405.","1","Anissa Jordan",1,0
"BUS","SBM 460.","1","Laura Boman",24,0
"CHP","KIN 101.","1","Christopher Rawdon",30,2
"CHP","KIN 101.","2","Christopher Rawdon",30,0
"CHP","KIN 201.","1","Heather Webb",30,7
"CHP","KIN 201.","2","Heather Webb",30,16
"CHP","KIN 301.","1","Christopher Rawdon",36,21
"CHP","KIN 302.","1","Heather Webb",12,4
"CHP","KIN 302.","2","Christopher Rawdon",12,5
"CHP","KIN 303.","1","Rachel Le",40,16
"CHP","KIN 320.","1","TBA #Staff",40,29
"CHP","PBH 101.","1","Mary Mathis",25,0
"CHP","PBH 200.","1","Suzanne Madden",25,0
"CHP","PBH 202.","1","Kia Powell",25,0
"CHP","PBH 303.","1","Suzanne Madden",36,1
"CHP","PBH 307.","1","Joy Harris",33,1
"CHP","PBH 400.","1","Mary Mathis",20,0
"CHP","PBH 401.","91","Suzanne Madden",1,0
"CHP","PBH 402.","1","Mary Mathis",20,0
"CHP","PBH 407.","1","Mary Mathis",29,0
"CHP","PBH 490.","91","Mary Mathis",1,0
"CLA","AFR 190.","1","Chester Fontenot",30,9
"CLA","AFR 190.","2","Chester Fontenot",30,1
"CLA","AFR 221.","1","Chester Fontenot",25,2
"CLA","AFR 300.","1","Jacqueline Pinkowitz",20,16
"CLA","AFR 363.","1","Matthew Harper",20,8
"CLA","AFR 386.","1","Riku Kawaguchi",20,14
"CLA","AFR 495.","91","Chester Fontenot",1,0
"CLA","ANT 101.","1","Natalie Bourdon",30,0
"CLA","ANT 345.","1","Amy Nichols-Belo",18,0
"CLA","ANT 362.","1","Natalie Bourdon",22,13
"CLA","ART 106.","1","Erin McClenathan",30,0
"CLA","ART 115.","1","Benjamin Dunn",16,0
"CLA","ART 115.","2","Eric O'Dell",16,0
"CLA","ART 115.","3","Hazel Caldwell",16,0
"CLA","ART 116.","1","Yvonne Gabriel",16,0
"CLA","ART 116C","1","Craig Coleman",15,0
"CLA","ART 117.","1","Mary O'Malley",13,2
"CLA","ART 222.","1","Erin McClenathan",25,0
"CLA","ART 223.","1","Mary O'Malley",14,1
"CLA","ART 224.","1","Mary O'Malley",10,0
"CLA","ART 225.","1","Eric O'Dell",10,0
"CLA","ART 240.","1","Craig Coleman",13,2
"CLA","ART 254.","1","Craig Coleman",15,7
"CLA","ART 367.","1","Erin McClenathan",15,2
"CLA","ART 381.","1","Eric O'Dell",10,6
"CLA","ART 382.","1","Eric O'Dell",15,13
"CLA","ART 398.","3","Tennille Shuster",3,2
"CLA","ART 398.","4","Erin McClenathan",1,1
"CLA","ART 475.","1","Benjamin Dunn",15,8
"CLA","ART 481.","1","Eric O'Dell",10,8
"CLA","ART 482.","1","Eric O'Dell",10,10
"CLA","ART 490.","2","Craig Coleman",1,0
"CLA","BIO 102.","1","Sahar Hasim",25,0
"CLA","BIO 110F","1","Shonteria Johnson",24,2
"CLA","BIO 202.","1","Barry Stephenson",27,0
"CLA","BIO 202.","2","Barry Stephenson",27,3
"CLA","BIO 202.","3","Shonteria Johnson",27,0
"CLA","BIO 202.","4","Shonteria Johnson",27,0
"CLA","BIO 202.","5","Katherine Lee",27,0
"CLA","BIO 202.","7","Katherine Lee",27,0
"CLA","BIO 202.","8","Barry Stephenson",27,2
"CLA","BIO 205.","1","Joanna Thomas",20,9
"CLA","BIO 211.","1","Troy Nash",24,0
"CLA","BIO 212.","1","Blake Whitt",24,0
"CLA","BIO 212.","2","Blake Whitt",24,5
"CLA","BIO 212.","3","Sahar Hasim",24,0
"CLA","BIO 212.","4","Sahar Hasim",24,1
"CLA","BIO 212.","5","Linda Hensel",24,6
"CLA","BIO 212.","6","Linda Hensel",24,4
"CLA","BIO 212.","7","Linda Hensel",24,7
"CLA","BIO 212.","8","John Stanga",24,0
"CLA","BIO 212.","9","John Stanga",24,0
"CLA","BIO 212.","010 BOMM","Megan Pannell",27,0
"CLA","BIO 250.","1","Michael Moore",18,9
"CLA","BIO 299.","1","Heather Bowman Cutway",10,9
"CLA","BIO 299.","2","Craig Byron",10,10
"CLA","BIO 299.","3","Linda Hensel",10,2
"CLA","BIO 299.","4","Mary Kot",10,10
"CLA","BIO 299.","5","Michael Moore",10,10
"CLA","BIO 299.","6","Katharine Northcutt",10,10
"CLA","BIO 299.","7","Megan Pannell",10,9
"CLA","BIO 299.","8","John Stanga",10,5
"CLA","BIO 299.","9","Barry Stephenson",10,7
"CLA","BIO 299.","10","Amy Wiles",10,6
"CLA","BIO 299.","11","Virginia Young",10,10
"CLA","BIO 299.","12","Sahar Hasim",10,4
"CLA","BIO 299.","13","Troy Nash",10,8
"CLA","BIO 301.","1","Craig Byron",24,0
"CLA","BIO 301.","2","Craig Byron",24,0
"CLA","BIO 303.","1","Virginia Young",24,5
"CLA","BIO 310.","1","Amy Wiles",24,3
"CLA","BIO 310.","2","Amy Wiles",24,2
"CLA","BIO 325.","1","Mary Kot",24,10
"CLA","BIO 325.","2","Mary Kot",24,9
"CLA","BIO 340.","1","Troy Nash",24,2
"CLA","BIO 370.","1","Heather Bowman Cutway",24,0
"CLA","BIO 370.","2","Heather Bowman Cutway",24,0
"CLA","BIO 391.","1","Virginia Young",22,0
"CLA","BIO 391.","2","Chamaree de Silva",15,4
"CLA","BIO 430.","1","Mary Kot",24,3
"CLA","BIO 435.","1","Katharine Northcutt",24,5
"CLA","BIO 435.","2","Katharine Northcutt",24,2
"CLA","BIO 435.","3","Katharine Northcutt",24,9
"CLA","BIO 460.","1","Amy Wiles",24,10
"CLA","BIO 499.","1","Heather Bowman Cutway",10,10
"CLA","BIO 499.","2","Craig Byron",10,10
"CLA","BIO 499.","3","Linda Hensel",15,4
"CLA","BIO 499.","4","Sahar Hasim",10,7
"CLA","BIO 499.","5","Michael Moore",10,10
"CLA","BIO 499.","6","Katharine Northcutt",10,10
"CLA","BIO 499.","7","Megan Pannell",10,10
"CLA","BIO 499.","8","John Stanga",10,8
"CLA","BIO 499.","9","Barry Stephenson",10,10
"CLA","BIO 499.","10","Amy Wiles",10,9
"CLA","BIO 499.","11","Virginia Young",10,9
"CLA","BIO 499.","12","Troy Nash",1,1
"CLA","BIO EXM.","1","Amy Wiles",100,41
"CLA","BMB 465.","1","David Goode",24,0
"CLA","BMB 465.","2","Megan Pannell",24,0
"CLA","BMB 465.","3","Megan Pannell",24,0
"CLA","BMB 465.","4","David Goode",24,0
"CLA","BMB 465L","1","Megan Pannell",24,0
"CLA","BMB 467.","1","David Goode",15,0
"CLA","CED 190.","1","Stephen Brown",40,39
"CLA","CED 290.","1","Stephen Brown",10,10
"CLA","CED 390.","1","Stephen Brown",10,10
"CLA","CED 490.","1","Stephen Brown",10,10
"CLA","CHM 111.","1","Joseph Keene",30,0
"CLA","CHM 111.","2","Joseph Keene",30,2
"CLA","CHM 111.","3","Joseph Keene",30,0
"CLA","CHM 111.","4","Garland Crawford",30,2
"CLA","CHM 111.","6","Garland Crawford",30,0
"CLA","CHM 111.","7","Jeffrey Hugdahl",30,0
"CLA","CHM 111.","8","Jeffrey Hugdahl",30,0
"CLA","CHM 111.","9","Jeffrey Hugdahl",30,1
"CLA","CHM 111.","10","Kerry Strickland",30,4
"CLA","CHM 111.","11","Kerry Strickland",30,10
"CLA","CHM 111.","12","Kerry Strickland",30,17
"CLA","CHM 111.","13","Jennifer Crawford",30,1
"CLA","CHM 111.","14","Jennifer Crawford",30,2
"CLA","CHM 111.","15","Jennifer Crawford",30,1
"CLA","CHM 111.","16","Dale Moore",30,0
"CLA","CHM 111.","17","Dale Moore",30,0
"CLA","CHM 111.","18","Dale Moore",30,5
"CLA","CHM 111.","19","Caryn Seney",30,1
"CLA","CHM 111.","20","Caryn Seney",30,0
"CLA","CHM 221.","1","Kevin Bucholtz",28,5
"CLA","CHM 221.","2","Kevin Bucholtz",28,6
"CLA","CHM 221.","3","Sylvia Bridges",28,0
"CLA","CHM 221.","4","Sylvia Bridges",28,0
"CLA","CHM 221.","5","Sylvia Bridges",28,0
"CLA","CHM 221.","6","Margaret Meadows",28,0
"CLA","CHM 221.","7","Margaret Meadows",28,0
"CLA","CHM 221.","008 BOMM","David Goode",27,0
"CLA","CHM 221.","9","Adam Kiefer",28,0
"CLA","CHM 221.","10","Adam Kiefer",28,0
"CLA","CHM 221.","11","Kevin Bucholtz",28,12
"CLA","CHM 295.","1","Garland Crawford",35,2
"CLA","CHM 330.","1","Andrew Pounds",25,0
"CLA","CHM 330.","2","Andrew Pounds",25,0
"CLA","CHM 371.","1","Adam Kiefer",10,5
"CLA","CHM 371.","2","Caryn Seney",10,2
"CLA","CHM 398.","1","Kevin Bucholtz",10,10
"CLA","CHM 401.","1","Margaret Meadows",15,4
"CLA","CHM EXM.","1","Garland Crawford",100,100
"CLA","CHN 111.","1","Miao Marone",30,15
"CLA","CHN 251.","1","Miao Marone",20,12
"CLA","COM 200.","1","Kevin Cummings",25,0
"CLA","COM 200.","2","Kevin Cummings",25,0
"CLA","COM 210.","1","Kevin Cummings",24,0
"CLA","COM 210.","2","Fiker Tesfaye",24,0
"CLA","COM 210.","3","Fiker Tesfaye",24,2
"CLA","COM 210.","5","James Stanescu",24,0
"CLA","COM 250.","1","Frank Macke",25,0
"CLA","COM 320.","1","James Stanescu",25,4
"CLA","COM 370.","1","Cameron Kunzelman",20,0
"CLA","COM 398.","1","James Stanescu",2,0
"CLA","COM 398.","3","James Stanescu",1,1
"CLA","COM 398.","5","James Stanescu",1,1
"CLA","COM 420.","1","Kate Siegfried",25,0
"CLA","COM 490.","1","Kevin Cummings",25,11
"CLA","COM 495.","1","Cameron Kunzelman",1,0
"CLA","CRJ 160.","1","Graham Thorpe",30,1
"CLA","CRJ 160.","2","John Murray",30,10
"CLA","CRJ 372.","1","Cyneetha Booker",25,0
"CLA","CRJ 490.","1","Fletcher Winston",10,10
"CLA","CRJ 495.","1","Riku Kawaguchi",5,5
"CLA","CSC 125.","1","David Cameron",30,0
"CLA","CSC 125.","2","Jerome Gratigny",30,2
"CLA","CSC 125.","3","Jerome Gratigny",30,0
"CLA","CSC 125.","4","David Cameron",30,0
"CLA","CSC 148.","1","Mehakpreet Kaur",24,15
"CLA","CSC 204.","1","Mehakpreet Kaur",30,2
"CLA","CSC 204.","2","Mehakpreet Kaur",30,0
"CLA","CSC 205.","1","Andy Digh",36,0
"CLA","CSC 212.","1","Andy Digh",20,2
"CLA","CSC 245.","1","Andy Digh",30,3
"CLA","CSC 315.","1","Andrew Pounds",24,4
"CLA","CSC 322.","1","Robert Allen",30,0
"CLA","CSC 330.","1","Andrew Pounds",24,0
"CLA","CSC 360.","1","Martin Zhao",24,2
"CLA","CSC 480.","1","Martin Zhao",30,7
"CLA","CSC 499.","1","Andy Digh",25,19
"CLA","CSC 499.","2","Andrew Pounds",1,0
"CLA","CSC MFT.","1","Robert Allen",30,13
"CLA","CSL 199.","0V01 WGS","Natalie Bourdon",30,14
"CLA","CSL 199.","0V02 PHI","Charlotte Thomas",30,9
"CLA","CSL 199.","0V03 PHI","Charlotte Thomas",30,0
"CLA","CSL 200.","1","Tammy Crutchfield",20,10
"CLA","CYS 223.","1","Johnathan Yerby",24,0
"CLA","CYS 301.","1","Johnathan Yerby",20,13
"CLA","CYS 421.","1","Johnathan Yerby",24,11
"CLA","CYS 487.","1","Robert Allen",20,13
"CLA","CYS 488.","0W1","Eniye Tebekaemi",20,14
"CLA","ELS 200.","91","Paul Lewis",2,1
"CLA","ENB 150.","1","Heather Bowman Cutway",24,1
"CLA","ENG 221.","1","Chester Fontenot",5,1
"CLA","ENG 222.","1","James May",21,0
"CLA","ENG 225.","1","Elizabeth Harper",30,2
"CLA","ENG 226.","1","David Buehrer",30,9
"CLA","ENG 237.","1","Jonathan Glance",30,2
"CLA","ENG 308.","1","Chelsea Rathburn",20,8
"CLA","ENG 309.","1","Gordon Johnston",20,2
"CLA","ENG 330.","1","Elizabeth Harper",30,23
"CLA","ENG 354.","1","Andrew Silver",30,15
"CLA","ENG 362.","1","Chelsea Rathburn",30,14
"CLA","ENG 369.","1","Gordon Johnston",30,17
"CLA","ENG 372.","1","James Wood",10,4
"CLA","ENG 382.","1","Jonathan Glance",30,20
"CLA","ENG 386.","1","James May",20,2
"CLA","ENG 488.","191","David Davis",1,0
"CLA","FRE 111.","1","Alexis Chauchois",25,0
"CLA","FRE 111.","2","Alexis Chauchois",25,6
"CLA","FRE 112.","1","JoungHwa Woo",25,11
"CLA","FRE 251.","1","JoungHwa Woo",25,12
"CLA","FRE 301.","1","JoungHwa Woo",24,13
"CLA","FRE 385.","1","Alexis Chauchois",24,18
"CLA","FRE EXM.","1","Alexis Chauchois",10,9
"CLA","GBK 101.","1","Charlotte Thomas",18,1
"CLA","GBK 101.","2","Eric O'Dell",18,4
"CLA","GBK 101.","3","Elizabeth Harper",18,1
"CLA","GBK 101.","4","John Jolley",18,6
"CLA","GBK 101.","5","Marc Jolley",18,4
"CLA","GBK 101.","6","Joseph Payne",18,9
"CLA","GBK 101.","7","Marc Jolley",18,4
"CLA","GBK 101.","8","Kevin Honeycutt",18,3
"CLA","GBK 101.","10","Joseph Payne",18,11
"CLA","GBK 203.","1","Andrew Silver",18,3
"CLA","GBK 203.","2","Crescent Rainwater",18,0
"CLA","GBK 305.","1","Thomas Bullington",18,0
"CLA","GBK 305.","2","Thomas Bullington",18,0
"CLA","GBK 407.","1","Kevin Honeycutt",16,5
"CLA","GBK 407.","2","Doug Thompson",16,0
"CLA","GBK 495.","1","Joseph Payne",18,18
"CLA","GDS 200.","1","Rachael Goodman",30,1
"CLA","GDS 200.","2","Rachael Goodman",30,0
"CLA","GDS 300.","1","Rachael Goodman",22,6
"CLA","GDS 301.","1","Rachael Goodman",22,11
"CLA","GHS 101.","1","Marsha Lewis",30,0
"CLA","GHS 200.","1","Amy Nichols-Belo",30,0
"CLA","GHS 200.","2","Ryan Tokarz",30,0
"CLA","GHS 200.","3","Ryan Tokarz",30,0
"CLA","GHS 330.","1","Ryan Tokarz",22,5
"CLA","GHS 355.","1","Chinekwu Obidoa",15,0
"CLA","GHS 372.","1","Amy Nichols-Belo",26,0
"CLA","GHS 400.","1","Chinekwu Obidoa",25,0
"CLA","GRA 210.","1","Tennille Shuster",15,3
"CLA","GRA 220.","1","Tennille Shuster",16,2
"CLA","GRA 310.","1","Tennille Shuster",15,2
"CLA","GRA 330.","1","Tennille Shuster",16,1
"CLA","GRK 111.","1","Bryan Whitfield",24,10
"CLA","GRK 111.","91","Bryan Whitfield",1,0
"CLA","GRK 385.","91","Margaret Bratcher",5,1
"CLA","HIS 105.","1","Abigail Dowling",32,0
"CLA","HIS 105.","2","Robert Good",32,0
"CLA","HIS 105.","3","Sarah Gardner",32,0
"CLA","HIS 105.","4","Sarah Gardner",32,1
"CLA","HIS 105.","5","John Scott",32,0
"CLA","HIS 176.","1","Will Jordan",18,12
"CLA","HIS 210.","1","Doug Thompson",25,5
"CLA","HIS 275.","1","John Scott",25,0
"CLA","HIS 295.","1","Matthew Harper",15,0
"CLA","HIS 307.","1","Abigail Dowling",20,4
"CLA","HIS 318.","1","Robert Good",20,0
"CLA","HIS 363.","1","Matthew Harper",20,11
"CLA","HIS 370.","1","John Scott",20,1
"CLA","HIS 401.","1","Abigail Dowling",1,1
"CLA","HIS 401.","2","Abigail Dowling",1,1
"CLA","HIS 495.","1","Abigail Dowling",9,0
"CLA","HIS 495.","2","Abigail Dowling",9,2
"CLA","HIS 499.","1","Sarah Gardner",3,0
"CLA","HON 110.","1","Mary Morgan",26,2
"CLA","HON 110.","2","Jorge Palacios",27,5
"CLA","HON 110.","3","Garland Crawford",26,5
"CLA","HON 231.","1","Mary Morgan",18,2
"CLA","HON 332.","0V2","Chris Grant",20,9
"CLA","HON 395.","1","Garland Crawford",11,6
"CLA","HON 495.","1","Garland Crawford",20,12
"CLA","IAF 253.","1","Eimad Houry",25,16
"CLA","IAF 253.","2","Phoebe Moon",25,14
"CLA","IAF 253.","3","Lody Odeh",25,14
"CLA","IAF 400.","1","Eimad Houry",15,8
"CLA","IGS 380.","1","Ryan Tokarz",22,3
"CLA","IGS 390.","1","Chinekwu Obidoa",6,0
"CLA","INT 101.","1","Grace Day",18,0
"CLA","INT 101.","2","Andy Digh",18,0
"CLA","INT 101.","3","Kate Siegfried",18,0
"CLA","INT 101.","4","Chelsea Rathburn",18,0
"CLA","INT 101.","5","Jonathan Glance",18,0
"CLA","INT 101.","6","Jorge Palacios",18,0
"CLA","INT 101.","7","Lindsey Holmes",18,0
"CLA","INT 101.","8","Crescent Rainwater",18,0
"CLA","INT 101.","9","Crescent Rainwater",18,0
"CLA","INT 101.","10","Benjamin Hoyt",18,0
"CLA","INT 101.","11","Bryant Harden",18,0
"CLA","INT 101.","12","Kate Siegfried",18,0
"CLA","INT 101.","13","Johnny Gilmer",18,0
"CLA","INT 101.","014 MUS","Laurence Fennelly",18,1
"CLA","INT 101.","15","Harold Groce",18,0
"CLA","INT 101.","16","Janell Johnson",18,0
"CLA","INT 201.","4","John Jolley",18,0
"CLA","INT 201.","7","Andrew Silver",18,0
"CLA","INT 201.","8","James Black",18,0
"CLA","INT 201.","11","James Bumpus",18,0
"CLA","INT 201.","12","Daniel Williams",18,0
"CLA","INT 201.","13","Pamela Stanescu",18,0
"CLA","INT 201.","14","Dorothy Smith",18,0
"CLA","INT 201.","0V01","Matthew Harper",18,1
"CLA","INT 201.","0V02","Chris Grant",18,0
"CLA","INT 201.","0V03","Rosalind Simson",18,0
"CLA","INT 201.","0V05","Mary Morgan",18,0
"CLA","INT 201.","0V06","James May",18,0
"CLA","INT 201.","0V09","Thomas Bullington",18,0
"CLA","INT 201.","0V10","Thomas Bullington",18,0
"CLA","INT 301.","1","Alana Alvarez",18,0
"CLA","INT 301.","2","R. Scott Nash",18,0
"CLA","INT 301.","3","Richard Hawkins",18,0
"CLA","INT 301.","4","James Stanescu",18,0
"CLA","INT 301.","5","Shehnaz Haqqani",18,2
"CLA","INT 301.","6","Paul Lewis",18,4
"CLA","INT 301.","7","Chinekwu Obidoa",18,1
"CLA","INT 301.","8","Rachel Schaff",18,7
"CLA","INT 301.","9","Lody Odeh",18,1
"CLA","INT 301.","10","Diana Gratigny",18,0
"CLA","INT 301.","11","Diana Gratigny",18,1
"CLA","INT 301.","12","Richard Hawkins",18,0
"CLA","ISA 401.","SA1","Emily Dunn",45,34
"CLA","ISA 403.","SA1","Emily Dunn",15,15
"CLA","ISA 403F","SA1","Emily Dunn",15,15
"CLA","ISA 405.","SA1","Emily Dunn",5,5
"CLA","ISA 405F","SA1","Emily Dunn",2,2
"CLA","ISA 409.","BOREN","Emily Dunn",1,1
"CLA","ISA 410.","SA","Emily Dunn",25,21
"CLA","ISA FEE.","SA1","Emily Dunn",25,10
"CLA","ISA FEI.","SA1","Emily Dunn",20,20
"CLA","ISA FET.","SA1","Emily Dunn",25,25
"CLA","IST 126.","1","Johnathan Yerby",30,3
"CLA","IST 221.","1","David Cozart",24,2
"CLA","IST 301.","1","David Cozart",20,16
"CLA","IST 301.","3","David Cozart",20,15
"CLA","IST 301.","4","Robert Allen",20,17
"CLA","IST 301.","5","Robert Allen",20,18
"CLA","IST 301.","6","Robert Allen",20,9
"CLA","IST 349.","1","David Cozart",30,6
"CLA","IST 349.","2","David Cozart",30,5
"CLA","IST 351.","1","Robert Allen",24,14
"CLA","JMS 101.","1","Jacqueline Pinkowitz",25,2
"CLA","JMS 101.","2","Jacqueline Pinkowitz",25,1
"CLA","JMS 120.","1","Elizabeth Wilson",18,0
"CLA","JMS 120.","2","Elizabeth Wilson",18,1
"CLA","JMS 220.","1","Rachel Schaff",25,0
"CLA","JMS 220.","2","Rachel Schaff",25,0
"CLA","JMS 230.","1","James Wood",18,2
"CLA","JMS 260.","1","Debbie Blankenship",18,2
"CLA","JMS 290.","1","Tanya Ott-Fulmore",28,4
"CLA","JMS 301.","1","Jacqueline Pinkowitz",20,6
"CLA","JMS 316.","1","Jacqueline Pinkowitz",20,6
"CLA","JMS 320.","1","Tanya Ott-Fulmore",18,3
"CLA","JMS 351.","1","Elizabeth Wilson",18,5
"CLA","JMS 372.","1","James Wood",14,8
"CLA","JMS 375.","1","James Black",25,0
"CLA","JMS 390.","1","Tanya Ott-Fulmore",18,10
"CLA","JMS 398.","1","James Black",15,12
"CLA","JMS 440.","1","Debbie Blankenship",18,0
"CLA","JMS 490.","1","James Black",18,15
"CLA","JMS 490F","2","Tanya Ott-Fulmore",18,11
"CLA","LAT 111.","1","Ian Dahl",25,6
"CLA","LAT 251.","1","Achim Kopp",25,21
"CLA","LAT 310.","1","Achim Kopp",24,18
"CLA","LPP 398.","1","Lori Johnson",10,9
"CLA","LPP 400.","0W1","Lori Johnson",10,7
"CLA","LPP 401.","0O1","Lori Johnson",10,4
"CLA","LRF FINA",NA,"TBA #Staff",25,25
"CLA","LSK 185.","1","Tamar Cantwell",12,10
"CLA","LSK 185.","2","Tamar Cantwell",12,10
"CLA","LSK 185.","003 ATHL","Derek Schroeder",140,70
"CLA","LSK 185.","004 ATHL","Delaney Ryan",140,87
"CLA","LSK 185.","005 OPSC","Nicole Small",100,32
"CLA","LSK 185.","006 OPSC","Danae Brunner",100,47
"CLA","LSK 186.","1","Tamar Cantwell",5,4
"CLA","MAT 095.","1","Cynthia Starr",24,3
"CLA","MAT 131.","1","Joshua Holloway",15,1
"CLA","MAT 131.","2","Joshua Holloway",15,7
"CLA","MAT 133.","1","Joshua Holloway",15,0
"CLA","MAT 133.","2","Joshua Holloway",15,0
"CLA","MAT 133.","3","Joshua Holloway",15,1
"CLA","MAT 133.","4","Joshua Holloway",15,0
"CLA","MAT 133.","5","Sharon Hardnett",15,0
"CLA","MAT 133.","6","Sharon Hardnett",15,1
"CLA","MAT 133.","7","Sharon Hardnett",15,0
"CLA","MAT 133.","8","Sharon Hardnett",15,1
"CLA","MAT 133.","9","Mark Stecher",15,0
"CLA","MAT 133.","10","Mark Stecher",15,0
"CLA","MAT 191.","1","Carolyn Yackel",15,1
"CLA","MAT 191.","2","Carolyn Yackel",15,1
"CLA","MAT 191.","3","David Nelson",15,0
"CLA","MAT 191.","4","David Nelson",14,0
"CLA","MAT 191.","5","Joshua Holloway",15,0
"CLA","MAT 191.","6","Joshua Holloway",15,0
"CLA","MAT 191.","7","Yuanting Lu",15,0
"CLA","MAT 191.","8","Yuanting Lu",15,0
"CLA","MAT 191.","9","Yuanting Lu",15,0
"CLA","MAT 191.","10","Yuanting Lu",15,0
"CLA","MAT 191.","11","Kedar Nepal",15,0
"CLA","MAT 191.","12","Kedar Nepal",15,0
"CLA","MAT 191.","13","Hope McIlwain",15,0
"CLA","MAT 191.","14","Hope McIlwain",15,0
"CLA","MAT 191.","15","Carolyn Yackel",15,0
"CLA","MAT 191.","16","Carolyn Yackel",15,0
"CLA","MAT 191.","17","Kedar Nepal",15,0
"CLA","MAT 191.","18","Kedar Nepal",15,1
"CLA","MAT 192.","1","Margaret Symington",25,2
"CLA","MAT 192.","2","Kedrick Hartfield",25,12
"CLA","MAT 192.","3","Kedrick Hartfield",25,17
"CLA","MAT 192.","4","Lee Troupe",25,0
"CLA","MAT 225.","1","Jeff Pullen",15,0
"CLA","MAT 225.","2","Jeff Pullen",15,3
"CLA","MAT 293.","1","Lee Troupe",25,12
"CLA","MAT 293.","2","Lee Troupe",25,2
"CLA","MAT 321.","91","David Nelson",5,3
"CLA","MAT 330.","1","Keith Howard",30,14
"CLA","MAT 330.","2","Kedar Nepal",30,1
"CLA","MAT 330.","3","Jeff Pullen",31,0
"CLA","MAT 330.","4","Hope McIlwain",30,0
"CLA","MAT 340.","1","Kedrick Hartfield",25,12
"CLA","MAT 350.","1","Margaret Symington",15,6
"CLA","MAT 401.","1","Keith Howard",1,0
"CLA","MAT 401.","2","Lee Troupe",1,0
"CLA","MAT 401.","3","Margaret Symington",1,0
"CLA","MAT 481.","1","Jeffrey Denny",15,1
"CLA","MAT 499.","1","Margaret Symington",15,6
"CLA","MIL 101.","1","Bobbi Box",20,15
"CLA","MIL 201.","1","Bobbi Box",20,19
"CLA","MIL 301.","1","Bobbi Box",20,15
"CLA","MIL 401.","1","Bobbi Box",8,3
"CLA","NEU 394.","1","Joshua Rodefer",1,0
"CLA","NEU 400.","1","Katharine Northcutt",18,4
"CLA","NEU MFT.","1","Katharine Northcutt",50,34
"CLA","PED 141.","1","Derek Schroeder",20,0
"CLA","PED 141.","2","Eric Hayes",20,0
"CLA","PED 151.","1","Robin Castro",15,0
"CLA","PED 151.","2","Robin Castro",18,0
"CLA","PED 151.","3","Austin Chaffin",15,1
"CLA","PED 151.","4","Linda Hensel",18,1
"CLA","PED 151.","6","Marsha Lewis",18,2
"CLA","PED 151.","7","Austin Chaffin",15,1
"CLA","PED 151.","9","Robin Castro",15,0
"CLA","PED 161F","1","Todd Thomas",18,0
"CLA","PED 161F","2","Todd Thomas",18,1
"CLA","PHI 176.","1","Will Jordan",18,14
"CLA","PHI 180.","1","Creighton Rosental",25,0
"CLA","PHI 180.","2","Creighton Rosental",25,2
"CLA","PHI 190.","1","Kevin Honeycutt",30,0
"CLA","PHI 190.","2","Creighton Rosental",30,0
"CLA","PHI 190.","3","Creighton Rosental",30,0
"CLA","PHI 194.","1","Arthur Howard",30,1
"CLA","PHI 195.","002 CSL","Charlotte Thomas",30,4
"CLA","PHI 195.","3","David Swigart",30,0
"CLA","PHI 195.","003 CSL","Charlotte Thomas",30,2
"CLA","PHI 230.","1","David Ritchie",25,11
"CLA","PHI 247.","1","David Swigart",25,8
"CLA","PHI 293.","1","Rosalind Simson",25,0
"CLA","PHI 301.","1","Kevin Honeycutt",18,11
"CLA","PHI 311.","1","Charlotte Thomas",25,14
"CLA","PHI 315.","1","Joseph Payne",18,11
"CLA","PHI 401.","1","Kevin Honeycutt",18,14
"CLA","PHY 108.","1","Matthew Marone",22,8
"CLA","PHY 115.","1","Frank McNally",23,1
"CLA","PHY 141.","1","Mani Pokharel",23,0
"CLA","PHY 141.","2","Mani Pokharel",24,0
"CLA","PHY 141.","3","Mani Pokharel",23,0
"CLA","PHY 141.","4","Chamaree de Silva",23,0
"CLA","PHY 141.","5","Chamaree de Silva",23,0
"CLA","PHY 142.","1","Frank McNally",23,0
"CLA","PHY 142.","2","Frank McNally",22,3
"CLA","PHY 161.","1","Sheng-Chiang Lee",22,1
"CLA","PHY 161.","2","Sheng-Chiang Lee",22,2
"CLA","PHY 161.","3","Matthew Marone",22,14
"CLA","PHY 162.","1","Jose Balduz",24,6
"CLA","PHY 162.","2","Jose Balduz",24,9
"CLA","PHY 305.","1","Jose Balduz",24,20
"CLA","PHY 328.","1","Chamaree de Silva",18,13
"CLA","PHY 460.","2","Frank McNally",12,4
"CLA","POL 101.","1","Benjamin Hoyt",30,1
"CLA","POL 101.","2","Bryant Harden",30,3
"CLA","POL 101.","4","Bryant Harden",30,0
"CLA","POL 101.","5","Allison Kerr",30,0
"CLA","POL 176.","1","Will Jordan",18,9
"CLA","POL 198.","1","Chris Grant",30,13
"CLA","POL 200.","1","Will Jordan",25,1
"CLA","POL 253.","1","Eimad Houry",25,11
"CLA","POL 253.","2","Phoebe Moon",25,14
"CLA","POL 253.","3","Lody Odeh",25,14
"CLA","POL 295.","1","Phoebe Moon",18,1
"CLA","POL 316.","1","Chris Grant",20,1
"CLA","POL 336.","0V1","Chris Grant",20,0
"CLA","POL 337.","1","Jessica Peed",25,0
"CLA","POL 337.","2","Jessica Peed",25,0
"CLA","POL 348.","1","Chris Grant",20,1
"CLA","POL 356.","1","Eimad Houry",20,13
"CLA","POL 373.","1","Will Jordan",20,10
"CLA","POL 392.","1","Phoebe Moon",20,2
"CLA","POL 397.","1","Eimad Houry",1,1
"CLA","POL 490.","1","Chris Grant",10,9
"CLA","POL 493.","1","Chris Grant",10,10
"CLA","PSY 101.","1","Samantha Skurja",40,0
"CLA","PSY 101.","2","Samantha Skurja",40,0
"CLA","PSY 101.","3","Shan Ran",40,0
"CLA","PSY 101.","4","Shan Ran",40,0
"CLA","PSY 101.","5","Amber Ingram",40,0
"CLA","PSY 150.","1","Tanya Sharon",100,8
"CLA","PSY 210.","1","Joshua Rodefer",25,0
"CLA","PSY 212.","1","Joshua Rodefer",37,0
"CLA","PSY 215.","1","Dorothy Buchli",25,0
"CLA","PSY 215.","2","Dorothy Buchli",25,0
"CLA","PSY 221.","1","Amy Borchardt",25,0
"CLA","PSY 245.","1","Amber Ingram",25,0
"CLA","PSY 250.","1","Amber Ingram",25,0
"CLA","PSY 250.","2","Amber Ingram",25,0
"CLA","PSY 256.","1","Sara Appleby",25,0
"CLA","PSY 256.","2","Sara Appleby",25,0
"CLA","PSY 265.","1","Kevin Karl",25,0
"CLA","PSY 265.","2","Kevin Karl",25,0
"CLA","PSY 285.","2","Tanya Sharon",25,1
"CLA","PSY 290.","1","Keegan Greenier",15,7
"CLA","PSY 290.","2","Amy Borchardt",15,9
"CLA","PSY 290.","3","Dorothy Buchli",15,4
"CLA","PSY 290.","4","Sara Appleby",15,4
"CLA","PSY 306.","1","Shan Ran",15,1
"CLA","PSY 306.","2","Tanya Sharon",15,0
"CLA","PSY 306.","3","Dorothy Buchli",15,0
"CLA","PSY 307.","2","Kevin Karl",15,0
"CLA","PSY 307.","3","Sara Appleby",15,0
"CLA","PSY 321.","1","Amy Borchardt",15,0
"CLA","PSY 325.","1","Keegan Greenier",15,0
"CLA","PSY 390.","1","Kevin Karl",30,24
"CLA","PSY 394.","1","Joshua Rodefer",1,0
"CLA","PSY 430.","1","Keegan Greenier",15,0
"CLA","PSY 485.","1","Joshua Rodefer",1,0
"CLA","PSY 490A","1","Tanya Sharon",15,15
"CLA","PSY 490B","1","Tanya Sharon",15,14
"CLA","PSY 495.","1","Joshua Rodefer",3,0
"CLA","PSY 496A","1","Shan Ran",15,15
"CLA","PSY 496B","1","Shan Ran",15,13
"CLA","REL 110.","1","Shehnaz Haqqani",30,1
"CLA","REL 110.","2","Shehnaz Haqqani",30,0
"CLA","REL 110.","3","Shehnaz Haqqani",30,0
"CLA","REL 110.","4","Jason Smith",30,0
"CLA","REL 110.","5","Jason Smith",30,0
"CLA","REL 110.","6","Jason Smith",30,1
"CLA","REL 130.","1","Paul Lewis",30,1
"CLA","REL 130.","2","Paul Lewis",30,0
"CLA","REL 130.","3","Bryan Whitfield",30,0
"CLA","REL 130.","4","Margaret Bratcher",30,0
"CLA","REL 130.","5","Bryan Whitfield",30,0
"CLA","REL 130.","6","Margaret Bratcher",30,0
"CLA","REL 150.","1","R. Scott Nash",30,0
"CLA","REL 150.","2","R. Scott Nash",30,0
"CLA","REL 150.","3","R. Scott Nash",30,0
"CLA","REL 150.","4","Craig McMahan",30,0
"CLA","REL 150.","5","Darlene Flaming",30,0
"CLA","REL 150.","6","Darlene Flaming",30,0
"CLA","REL 170.","1","Darlene Flaming",30,1
"CLA","REL 170.","2","Darlene Flaming",30,1
"CLA","REL 300.","1","Paul Lewis",25,21
"CLA","REL 356.","1","Jason Smith",25,3
"CLA","REL 385.","1","Janell Johnson",8,5
"CLA","REL 485.","1","Janell Johnson",8,4
"CLA","SOC 101.","1","Fletcher Winston",30,0
"CLA","SOC 101.","2","Yu (Rachel) Guo",30,0
"CLA","SOC 101.","3","Laura Simon",30,0
"CLA","SOC 101.","4","Riku Kawaguchi",30,0
"CLA","SOC 101.","5","Riku Kawaguchi",30,1
"CLA","SOC 225.","1","Fletcher Winston",25,0
"CLA","SOC 290.","1","Laura Simon",1,0
"CLA","SOC 290.","2","Laura Simon",1,0
"CLA","SOC 303.","1","Laura Simon",1,0
"CLA","SOC 304.","1","Yu (Rachel) Guo",20,0
"CLA","SOC 304.","2","Fletcher Winston",20,0
"CLA","SOC 321.","1","Yu (Rachel) Guo",25,9
"CLA","SOC 324.","1","Laura Simon",25,5
"CLA","SOC 386.","1","Riku Kawaguchi",10,0
"CLA","SOC 490.","SA","Emily Dunn",1,1
"CLA","SOC 495.","1","Fletcher Winston",10,10
"CLA","SOC 495.","2","Laura Simon",10,9
"CLA","SPN 111.","1","Jorge Palacios",29,0
"CLA","SPN 111.","2","Jorge Palacios",29,0
"CLA","SPN 111.","3","Lydia Masanet",29,2
"CLA","SPN 111.","4","Lydia Masanet",29,0
"CLA","SPN 111.","5","Clara Mengolini",29,1
"CLA","SPN 111.","6","Clara Mengolini",29,0
"CLA","SPN 112.","1","Alana Alvarez",30,0
"CLA","SPN 112.","2","Alana Alvarez",30,0
"CLA","SPN 251.","1","Jose Pino Rincon",25,11
"CLA","SPN 251.","2","Jose Pino Rincon",25,14
"CLA","SPN 251.","3","Libertad Aranza",25,6
"CLA","SPN 252.","1","Libertad Aranza",25,9
"CLA","SPN 301.","1","Libertad Aranza",17,0
"CLA","SPN 301.","2","Libertad Aranza",23,1
"CLA","SPN 310.","1","Clara Mengolini",24,0
"CLA","SPN 310.","91","Clara Mengolini",1,0
"CLA","SPN 314.","0V1","Jose Pino Rincon",28,4
"CLA","SPN 326.","1","Lydia Masanet",24,6
"CLA","SPN EXM.","1","Lydia Masanet",100,94
"CLA","SST 180.","1","Doug Thompson",32,1
"CLA","STA 126.","1","David Nelson",27,0
"CLA","STA 126.","2","Yuanting Lu",30,1
"CLA","STA 126.","3","David Nelson",29,0
"CLA","STA 126.","4","Tayler Johnston",28,0
"CLA","STA 126.","5","Brandi Lewis",28,4
"CLA","STA 126.","6","Andre Waschka",30,1
"CLA","STA 126.","7","Carolyn Yackel",30,0
"CLA","STA 227.","1","Andre Waschka",25,4
"CLA","STA 310.","1","Andre Waschka",25,11
"CLA","THR 115.","1","James Ogden",30,1
"CLA","THR 115.","2","Tony Kemp",30,0
"CLA","THR 218.","1","Scot Mann",18,0
"CLA","THR 235.","0V1","James Ogden",18,10
"CLA","THR 292.","1","Scot Mann",20,20
"CLA","THR 292.","2","Scot Mann",25,25
"CLA","THR 292.","3","Scot Mann",25,25
"CLA","THR 292.","4","James Ogden",25,25
"CLA","THR 292.","5","James Ogden",25,25
"CLA","THR 292.","6","James Ogden",25,25
"CLA","THR 302.","1","Scot Mann",15,5
"CLA","THR 318.","1","Scot Mann",15,4
"CLA","THR 339.","1","James Ogden",15,11
"CLA","UNV 101.","001 BUS","Gregory McAmis",18,4
"CLA","UNV 101.","002 BUS","Antonio Saravia",18,4
"CLA","UNV 101.","003 BUS","Charles Lambert",18,5
"CLA","UNV 101.","004 BUS","Ashley Herman",18,2
"CLA","UNV 101.","005 BUS","Marko Horn",18,1
"CLA","UNV 101.","006 BUS","Stephanie Howard",18,3
"CLA","UNV 101.","007 BUS","John Gordon",18,2
"CLA","UNV 101.","008 BUS","Blake Bowler",18,1
"CLA","UNV 101.","011 CHP","Heather Webb",21,0
"CLA","UNV 101.","012 CHP","Christopher Rawdon",18,0
"CLA","UNV 101.","013 CHP","Suzanne Madden",19,0
"CLA","UNV 101.","014 CLA","Chris Grant",21,1
"CLA","UNV 101.","015 CLA","Virginia Young",21,3
"CLA","UNV 101.","016 CLA","Nicole Small",21,4
"CLA","UNV 101.","017 CLA","Danae Brunner",21,11
"CLA","UNV 101.","018 CLA","Jeffrey Denny",21,0
"CLA","UNV 101.","019 CLA","Andy Digh",21,0
"CLA","UNV 101.","020 CLA","Alexander Pettola",21,3
"CLA","UNV 101.","021 CLA","Jennifer Crawford",21,0
"CLA","UNV 101.","022 CLA","Stephanie Mooring",21,4
"CLA","UNV 101.","023 CLA","Robert Good",21,4
"CLA","UNV 101.","024 CLA","Janell Johnson",21,2
"CLA","UNV 101.","025 CLA","Michael Junod",21,0
"CLA","UNV 101.","026 CLA","Garland Crawford",21,1
"CLA","UNV 101.","027 CLA","Caroline Carlton",21,0
"CLA","UNV 101.","028 CLA","Linda Hensel",21,1
"CLA","UNV 101.","029 CLA","Tamar Cantwell",21,8
"CLA","UNV 101.","030 CLA","Margaret Meadows",21,3
"CLA","UNV 101.","031 CLA","Paul Lewis",21,3
"CLA","UNV 101.","032 CLA","Ryan Tokarz",18,5
"CLA","UNV 101.","033 CLA","Heather Bowman Cutway",21,4
"CLA","UNV 101.","034 CLA","Jose Pino Rincon",21,3
"CLA","UNV 101.","035 CLA","Meredith Keating White",21,10
"CLA","UNV 101.","036 CLA","Courtney Honeycutt",21,3
"CLA","UNV 101.","037 CLA","Troy Nash",21,4
"CLA","UNV 101.","038 CLA","Megan Pannell",21,4
"CLA","UNV 101.","043 CLA","Sahar Hasim",21,4
"CLA","UNV 101.","045 CLA","Shonteria Johnson",21,5
"CLA","UNV 101.","047 EGR","Sinjae Hyun",20,5
"CLA","UNV 101.","048 EGR","Laura Moody",20,1
"CLA","UNV 101.","049 EGR","Pablo Biswas",18,1
"CLA","UNV 101.","050 EGRH","Philip McCreanor",25,7
"CLA","UNV 101.","051 EGR","Michael Marcoux",21,3
"CLA","UNV 101.","052 EGR","Robert Gill",20,1
"CLA","UNV 101.","053 EGR","Susan Codone",20,0
"CLA","UNV 101.","054 EGR","Kenneth Marek",18,1
"CLA","UNV 101.","055 EDU","Sybil Martin",18,3
"CLA","UNV 101.","056 EGR","Chandan Roy",18,0
"CLA","UNV 101.","057 CLA","R. Scott Nash",18,0
"CLA","UNV 101.","058 ATH","Delaney Ryan",18,4
"CLA","UNV 101.","060 ATH","Jeffrey Hugdahl",18,5
"CLA","UNV 101.","061 ATH","Tessa Hayman",18,2
"CLA","UNV 101.","062 MUS","Nathan Gay",18,9
"CLA","UNV 101.","063 MUS","Kathryn Rios",18,8
"CLA","UNV 101.","064 TR","Kelly Holloway",15,4
"CLA","UNV 201.","1","Grace Day",20,0
"CLA","UNV 201.","2","Grace Day",20,1
"CLA","WGS 180.","1","Mary Morgan",30,2
"CLA","WGS 201.","001 CSL","Natalie Bourdon",18,3
"CLA","WGS 345.","1","Amy Nichols-Belo",10,1
"CLA","WGS 385.","1","Jacqueline Pinkowitz",20,17
"CLA","WGS 385.","2","Virginia Young",2,0
"CLA","WGS 385.","4","Cameron Kunzelman",10,5
"CLA","WGS 386.","1","Riku Kawaguchi",20,17
"CLA","WGS 398.","1","Virginia Young",1,0
"CLA","WRT 490.","1","Deneen Senasi",20,12
"CPV","ARTH101.","1W1","Hazel Caldwell",22,0
"CPV","BIOL101.","1W1","Zipangani Vokhiwa",22,0
"CPV","BIOL105.","2W1T","Zipangani Vokhiwa",22,0
"CPV","BIOL245.","2W1","Robert Grier IV",22,7
"CPV","BIOL245.","3HYS","Carol Upshaw",18,10
"CPV","BIOL246.","1W1","Jia Fei",22,1
"CPV","BIOL325.","1W1","Vyhyahn Maloof",22,0
"CPV","BIOL325.","1W2","Kathrin Darraj",22,1
"CPV","COMM171.","2W2","Justin Brown",18,0
"CPV","COMM171.","2W3","Larry Boon",18,0
"CPV","COMM360.","1W1","Justin Brown",22,15
"CPV","INFM355.","2W1","Kenneth Revels",22,6
"CPV","INSY102.","1W1","Kevin Chaney",22,0
"CPV","INSY102.","2W1","Kenneth Revels",25,1
"CPV","LBST210.","1W1T","Andrea Winkler",22,15
"CPV","LBST250.","2W1W","Andrea Winkler",22,12
"CPV","LBST255.","1W1R","Andrea Winkler",22,12
"CPV","LBST310.","2W1T","Andrea Winkler",22,12
"CPV","MATH130.","1W1","Hani Khoury",22,8
"CPV","MATH160.","1W1","Michael Roty",22,18
"CPV","MUSC150.","1W1R","Mary Miller",22,11
"CPV","MUSC150.","2W1R","Mary Miller",22,4
"CPV","PHIL215.","2W1","TBA #Staff",22,0
"CPV","PSYC226.","2W1","TBA #Staff",22,0
"CPV","PSYC275.","2W1","TBA #Staff",22,0
"CPV","PSYC360.","2W2","Cameron Miller",22,0
"CPV","PSYC498.","1W1","Merrin Oliver",15,11
"CPV","UNIV110.","1W1R","Melanie Pavich",20,1
"CPV","UNIV110.","1W4","Jason Holloway",20,0
"EDU","EDUC201.","1","Vicki Luther",30,16
"EDU","EDUC201A","1","Sybil Martin",25,25
"EDU","EDUC201A","2","Vicki Luther",22,9
"EDU","EDUC201A","3","Glenda Morrissey",22,22
"EDU","EDUC210.","2W1","Jerome Gratigny",23,1
"EDU","EDUC220.","2W1","Jeffrey Hall",22,2
"EDU","EDUC275A","1","Glenda Morrissey",25,19
"EDU","EDUC283.","1","Sybil Martin",40,7
"EDU","EDUC311.","1","Sybil Martin",30,13
"EDU","EDUC311A","1","Sybil Martin",30,13
"EDU","EDUC315.","1","Vicki Luther",30,13
"EDU","EDUC316.","0Y1","Lucy Gitonga",25,8
"EDU","EDUC333.","1","Sara Luke",25,15
"EDU","EDUC335.","1","Vicki Luther",35,18
"EDU","EDUC356.","1","Glenda Morrissey",25,15
"EDU","EDUC398.","1M1","Charles Hawk",33,25
"EDU","EDUC399.","1M1","Debbie Hammond",33,31
"EDU","EDUC402.","1","Nancy Atchison",25,15
"EDU","EDUC403.","1","Sybil Martin",25,15
"EDU","EDUC404.","1","Catherine Harrington",25,15
"EDU","EDUC423.","1","TBA #Staff",25,25
"EDU","EDUC430.","1","Katherine Perrotta",25,23
"EDU","EDUC453.","1","Matthew Sroka",25,17
"EDU","EDUC456.","1","Glenda Morrissey",25,24
"EDU","EDUC460.","1HMD1R","TBA #Staff",30,30
"EDU","EDUC462.","1HMD1M","TBA #Staff",30,30
"EDU","EDUC468.","1","Matthew Sroka",25,22
"EDU","EDUC478.","2HMD1R","TBA #Staff",30,29
"EDU","EDUC480.","1","Sybil Martin",10,0
"EDU","EDUC485.","7","Debbie Hammond",33,33
"EDU","EDUC485.","3M1","Iris Williams",30,28
"EDU","EDUC485.","3M2","Sheila Thompson",30,30
"EDU","EDUC485.","3M3","Rhonda Moulder",30,29
"EDU","EDUC485.","3M4","Barbara Nash",30,29
"EDU","EDUC485.","SROKA","Matthew Sroka",30,28
"EDU","EDUC487.","1","Sharon Augustine",1,0
"EDU","EDUC492.","4","Catherine Harrington",33,32
"EDU","EDUC492.","5","Brittan Braddock",10,9
"EGR","BME 288.","1","Edward O'Brien",20,5
"EGR","BME 288.","2","Joanna Thomas",20,5
"EGR","BME 302.","1","Edward O'Brien",20,8
"EGR","BME 302.","2","Edward O'Brien",20,16
"EGR","BME 312.","1","Ha Vo",48,21
"EGR","BME 420.","1","Joanna Thomas",24,6
"EGR","BME 440.","1","Sinjae Hyun",24,24
"EGR","BME 480.","1","Laura Moody",50,46
"EGR","BME 487.","1","Stephen Hill",75,50
"EGR","BME 488.","1","Hodge Jenkins",38,35
"EGR","BME 491.","2","Edward O'Brien",24,24
"EGR","BME 491.","3","Ha Vo",10,10
"EGR","BME 492.","1","Ha Vo",2,2
"EGR","BME 493.","1","Sinjae Hyun",5,5
"EGR","ECE 311.","1","Ruiyun Fu",24,11
"EGR","ECE 322.","1","Hunmin Kim",24,17
"EGR","ECE 323.","1","Donald Ekong",38,12
"EGR","ECE 340.","1","Jeng-Nan Juang",44,0
"EGR","ECE 404.","1","Makhin Thitsa",18,2
"EGR","ECE 424.","1","Anthony Choi",25,7
"EGR","ECE 425.","1","Donald Ekong",27,5
"EGR","ECE 431.","1","Kevin Barnett",36,12
"EGR","ECE 451.","1","Behnam Kamali",18,4
"EGR","ECE 480.","1","Laura Moody",150,149
"EGR","ECE 481.","1","Laura Moody",150,149
"EGR","ECE 485.","1","Stephen Hill",150,131
"EGR","ECE 486.","1","Hodge Jenkins",150,150
"EGR","ECE 487.","1","Stephen Hill",150,134
"EGR","ECE 488.","1","Hodge Jenkins",150,148
"EGR","ECE 491.","1","Ruiyun Fu",25,11
"EGR","ECE 491.","2","Edward O'Brien",12,12
"EGR","ECE 491.","4","Kevin Barnett",25,6
"EGR","ECE 492.","1","Donald Ekong",8,7
"EGR","ECV 290.","1","Sarah Bauer",24,6
"EGR","ECV 290L","1","Sarah Bauer",28,8
"EGR","ECV 310.","1","Rebecca Etter",24,9
"EGR","ECV 320.","1","Natalia Cardelino",24,10
"EGR","ECV 320L","1","Natalia Cardelino",30,19
"EGR","ECV 322.","1","Alireza Shams",24,14
"EGR","ECV 385.","1","Philip McCreanor",24,7
"EGR","ECV 402.","1","Rebecca Etter",12,8
"EGR","ECV 445.","1","Kleio Avrithi",24,14
"EGR","ECV 445L","1","Philip McCreanor",28,25
"EGR","ECV 480.","1","Laura Moody",75,75
"EGR","ECV 481.","1","Laura Moody",75,74
"EGR","ECV 485.","1","Stephen Hill",25,17
"EGR","ECV 486.","1","Hodge Jenkins",38,38
"EGR","ECV 487.","1","Stephen Hill",75,73
"EGR","ECV 488.","1","Hodge Jenkins",75,73
"EGR","ECV 490.","1","Rebecca Etter",9,7
"EGR","ECV 491.","1","Philip McCreanor",1,0
"EGR","EGR 101.","1","Philip McCreanor",30,11
"EGR","EGR 107.","1","Michael Marcoux",27,1
"EGR","EGR 107.","2","Robert Gill",24,0
"EGR","EGR 107.","3","Joanna Thomas",24,0
"EGR","EGR 107.","4","Alireza Shams",24,0
"EGR","EGR 126.","1","Shruthi Vikraman",28,0
"EGR","EGR 126.","3","Shruthi Vikraman",30,1
"EGR","EGR 126.","4","Anthony Choi",24,0
"EGR","EGR 190.","1","Scott Schultz",10,10
"EGR","EGR 201.","1","Philip McCreanor",30,3
"EGR","EGR 232.","3","Natalia Cardelino",24,0
"EGR","EGR 232.","4","Kleio Avrithi",30,0
"EGR","EGR 232.","5","Kleio Avrithi",28,0
"EGR","EGR 232.","6","Todd Davis",24,4
"EGR","EGR 235.","1","Loren Sumner",28,18
"EGR","EGR 235.","2","Robert Gill",31,4
"EGR","EGR 236.","1","Hodge Jenkins",27,2
"EGR","EGR 244.","1","Makhin Thitsa",42,0
"EGR","EGR 244.","2","Kevin Barnett",70,34
"EGR","EGR 244.","3","Edward O'Brien",32,1
"EGR","EGR 245.","2","Jeng-Nan Juang",24,2
"EGR","EGR 246L","1","Kevin Barnett",18,2
"EGR","EGR 246L","2","Kevin Barnett",18,5
"EGR","EGR 251.","0W1","Shruthi Vikraman",150,46
"EGR","EGR 252.","1","Amro Khasawneh",26,0
"EGR","EGR 252.","2","Amro Khasawneh",26,0
"EGR","EGR 252.","3","Ramachandran Radharamanan",24,9
"EGR","EGR 301.","1","Philip McCreanor",35,32
"EGR","EGR 301.","2","Philip McCreanor",35,33
"EGR","EGR 301.","3","Philip McCreanor",35,33
"EGR","EGR 301.","4","Philip McCreanor",35,32
"EGR","EGR 301.","5","Kleio Avrithi",35,34
"EGR","EGR 301.","6","Kleio Avrithi",35,33
"EGR","EGR 301.","7","Kleio Avrithi",35,33
"EGR","EGR 301.","8","Kleio Avrithi",35,33
"EGR","EGR 301.","9","Sinjae Hyun",35,34
"EGR","EGR 301.","11","Sinjae Hyun",35,34
"EGR","EGR 312.","1","Michael Marcoux",24,0
"EGR","EGR 312.","2","Michael Marcoux",20,11
"EGR","EGR 312.","3","Pablo Biswas",20,1
"EGR","EGR 386.","1","Kevin Barnett",65,8
"EGR","EGR 386.","3","Ruiyun Fu",30,25
"EGR","EGR 401.","1","Philip McCreanor",30,29
"EGR","EGR 401.","2","Kleio Avrithi",30,29
"EGR","EGR 401.","3","Kleio Avrithi",30,29
"EGR","EGR 401.","4","Philip McCreanor",30,30
"EGR","EGR 401.","5","Ha Vo",30,27
"EGR","EGR 401.","6","Kleio Avrithi",30,29
"EGR","EGR 401.","8","Ha Vo",30,30
"EGR","EGR 401.","9","Ha Vo",30,28
"EGR","EGR 401.","10","Joanna Thomas",30,29
"EGR","EGR 401.","11","Anthony Choi",30,29
"EGR","EGR 401.","12","Philip McCreanor",30,29
"EGR","EGR 401.","13","Philip McCreanor",30,29
"EGR","EGR 401.","14","Natalia Cardelino",22,20
"EGR","EGR 401.","15","Natalia Cardelino",5,4
"EGR","EGR 401.","16","Sinjae Hyun",30,29
"EGR","EGR 401.","19","Sinjae Hyun",30,29
"EGR","EGR 491.","90","Sinjae Hyun",10,0
"EGR","IDM 355.","1","Pablo Biswas",24,14
"EGR","IDM 480.","1","Laura Moody",150,148
"EGR","IDM 487.","1","Stephen Hill",150,143
"EGR","IDM 488.","1","Hodge Jenkins",150,149
"EGR","ISE 302.","1","Scott Schultz",24,4
"EGR","ISE 327.","1","Melinda Hollingshed",24,14
"EGR","ISE 352.","1","Ramachandran Radharamanan",24,14
"EGR","ISE 412.","1","Laura Moody",25,19
"EGR","ISE 480.","1","Laura Moody",150,148
"EGR","ISE 484.","1","Ramachandran Radharamanan",26,9
"EGR","ISE 487.","1","Stephen Hill",150,142
"EGR","ISE 488.","1","Hodge Jenkins",150,149
"EGR","ISE 491.","1","Melinda Hollingshed",30,20
"EGR","ISE 499.","1","Melinda Hollingshed",2,1
"EGR","MAE 205.","1","Hodge Jenkins",24,1
"EGR","MAE 205.","2","Arash Afshar",24,8
"EGR","MAE 250L","1","Kenneth Marek",12,0
"EGR","MAE 250L","2","Kenneth Marek",12,0
"EGR","MAE 250L","3","Kenneth Marek",12,4
"EGR","MAE 310.","1","Chandan Roy",24,0
"EGR","MAE 310.","2","Chandan Roy",24,7
"EGR","MAE 320.","1","Alireza Sarvestani",28,1
"EGR","MAE 320.","2","Alireza Sarvestani",28,12
"EGR","MAE 330.","1","Loren Sumner",29,2
"EGR","MAE 330.","2","Loren Sumner",24,11
"EGR","MAE 335.","1","Chandan Roy",24,14
"EGR","MAE 402L","1","Dorina Mihut",12,1
"EGR","MAE 402L","2","Kenneth Marek",12,5
"EGR","MAE 402L","3","Arash Afshar",12,0
"EGR","MAE 402L","4","Robert Gill",12,0
"EGR","MAE 435.","1","Stephen Hill",34,0
"EGR","MAE 460.","1","Dorina Mihut",24,13
"EGR","MAE 460.","2","Dorina Mihut",33,4
"EGR","MAE 480.","1","Laura Moody",150,146
"EGR","MAE 487.","1","Stephen Hill",150,114
"EGR","MAE 488.","1","Hodge Jenkins",150,144
"EGR","MAE 491.","1","Kenneth Marek",24,2
"EGR","TCO 141.","1","Susan Codone",20,0
"EGR","TCO 141.","2","Bremen Vance",20,0
"EGR","TCO 141.","3","Hannah Nabi",20,1
"EGR","TCO 141.","4","Hannah Nabi",20,0
"EGR","TCO 220.","1","Philip Gallagher",20,13
"EGR","TCO 325.","1","Bremen Vance",20,12
"EGR","TCO 341.","1","Guiseppe Getto",20,6
"EGR","TCO 341.","2","Philip Gallagher",20,0
"EGR","TCO 341.","3","Guiseppe Getto",20,0
"EGR","TCO 341.","4","Philip Gallagher",20,5
"EGR","TCO 363.","1","Hannah Nabi",20,13
"EGR","TCO 421.","1","Pam Brewer",20,11
"EGR","TCO 480.","1","Pam Brewer",20,16
"EGR","TCO 499.","2","Bremen Vance",15,13
"MUS","MUS 105.","1","Christopher Schmitz",23,12
"MUS","MUS 105.","2","Valencio Jackson Jr.",23,7
"MUS","MUS 109.","2","Gail Pollock",8,1
"MUS","MUS 109.","3","Gail Pollock",8,1
"MUS","MUS 109.","4","Gail Pollock",8,1
"MUS","MUS 111.","1","Christopher Schmitz",15,8
"MUS","MUS 111.","2","Montgomery Cole",15,5
"MUS","MUS 111.","3","Kyung-A Yoo",15,4
"MUS","MUS 121.","1","Kyung-A Yoo",10,10
"MUS","MUS 139.","1","Jack Mitchener",10,6
"MUS","MUS 151.","1","Marcus Reddick",24,14
"MUS","MUS 151.","2","Marcus Reddick",60,43
"MUS","MUS 151.","3","Nathan Myrick",24,1
"MUS","MUS 152.","1","Montgomery Cole",25,25
"MUS","MUS 154A","1","Richard Kosowski",25,17
"MUS","MUS 160.","1","Martha Malone",10,10
"MUS","MUS 160.","2","Richard Kosowski",10,4
"MUS","MUS 160.","3","Marie Roberts",10,10
"MUS","MUS 161.","1","Kyung-A Yoo",10,10
"MUS","MUS 161.","2","Ian Altman",10,10
"MUS","MUS 161.","3","Robert McReynolds",10,10
"MUS","MUS 162.","1","Jack Mitchener",10,7
"MUS","MUS 163A","1","Kelly Via",25,22
"MUS","MUS 163B","1","Adrian Gnam",25,24
"MUS","MUS 163C","1","Adrian Gnam",25,25
"MUS","MUS 163D","1","Montgomery Cole",25,25
"MUS","MUS 163D","2","Brittan Braddock",8,8
"MUS","MUS 163E","1","Montgomery Cole",25,23
"MUS","MUS 163J","1","Jonathan Swygert",25,25
"MUS","MUS 163K","1","Jay Hanselman",10,9
"MUS","MUS 163L","1","James English",10,10
"MUS","MUS 163M","1","Nathan Gay",10,10
"MUS","MUS 163N","1","Nathan Gay",10,8
"MUS","MUS 163R","1","Marcus Reddick",10,9
"MUS","MUS 163T","1","Calista Koch",10,10
"MUS","MUS 163V","1","Terence Cantwell",8,8
"MUS","MUS 169.","1","Jack Mitchener",10,10
"MUS","MUS 16CW","1","Amy Moretti",10,8
"MUS","MUS 16CX","1","Rebecca Albers",10,8
"MUS","MUS 16CY","1","Julia Albers",10,10
"MUS","MUS 16CZ","1","Daniel Tosky",10,10
"MUS","MUS 170.","1","Martha Malone",10,10
"MUS","MUS 170.","2","Richard Kosowski",10,6
"MUS","MUS 170.","3","Marie Roberts",10,7
"MUS","MUS 170.","5","Kyung-A Yoo",10,8
"MUS","MUS 170.","6","Ian Altman",10,4
"MUS","MUS 170.","7","Robert McReynolds",10,10
"MUS","MUS 170.","8","Jack Mitchener",10,10
"MUS","MUS 170.","9","Kelly Via",10,7
"MUS","MUS 170.","10","Adrian Gnam",10,9
"MUS","MUS 170.","11","Adrian Gnam",10,8
"MUS","MUS 170.","12","Montgomery Cole",10,6
"MUS","MUS 170.","13","Jonathan Swygert",10,5
"MUS","MUS 170.","14","Jay Hanselman",10,10
"MUS","MUS 170.","15","James English",10,7
"MUS","MUS 170.","16","Nathan Gay",10,6
"MUS","MUS 170.","17","Marcus Reddick",10,6
"MUS","MUS 170.","18","Calista Koch",10,8
"MUS","MUS 170.","20","Terence Cantwell",10,9
"MUS","MUS 180.","1","Amy Moretti",30,17
"MUS","MUS 181.","1","Terence Cantwell",8,6
"MUS","MUS 182.","1","Stanley Roberts",50,13
"MUS","MUS 183.","1","Stanley Roberts",100,71
"MUS","MUS 184.","1","Kelly Via",50,43
"MUS","MUS 185.","1","Montgomery Cole",25,20
"MUS","MUS 186.","1","Nathan Gay",50,50
"MUS","MUS 187.","1","Montgomery Cole",50,50
"MUS","MUS 188.","1","Marcus Reddick",50,47
"MUS","MUS 188.","2","Marcus Reddick",50,50
"MUS","MUS 189.","1","Montgomery Cole",50,50
"MUS","MUS 189.","2","Montgomery Cole",50,50
"MUS","MUS 191.","1","Brittan Braddock",100,57
"MUS","MUS 192.","1","Jeffrey Turner",50,34
"MUS","MUS 195.","6","Nathan Gay",150,48
"MUS","MUS 196.","1","Martha Malone",25,23
"MUS","MUS 197.","1","Stanley Roberts",50,15
"MUS","MUS 201.","1","Kathryn Rios",23,0
"MUS","MUS 209.","1","Ian Altman",8,6
"MUS","MUS 209.","2","Ian Altman",8,0
"MUS","MUS 209.","3","Ian Altman",8,6
"MUS","MUS 213.","1","Jack Mitchener",15,15
"MUS","MUS 216.","1","Brittan Braddock",30,26
"MUS","MUS 221.","1","Montgomery Cole",15,4
"MUS","MUS 241.","1","Robert McReynolds",30,30
"MUS","MUS 245.","1","Ian Altman",15,15
"MUS","MUS 254.","1","Robert McReynolds",12,3
"MUS","MUS 254.","2","Robert McReynolds",12,1
"MUS","MUS 256.","1","Christopher Schmitz",23,2
"MUS","MUS 258.","1","Christopher Schmitz",25,21
"MUS","MUS 260.","1","Martha Malone",10,9
"MUS","MUS 260.","2","Richard Kosowski",10,9
"MUS","MUS 260.","3","Marie Roberts",10,9
"MUS","MUS 261.","1","Kyung-A Yoo",10,10
"MUS","MUS 261.","2","Ian Altman",10,9
"MUS","MUS 261.","3","Robert McReynolds",10,10
"MUS","MUS 262.","1","Jack Mitchener",10,10
"MUS","MUS 263A","1","Kelly Via",25,24
"MUS","MUS 263B","1","Adrian Gnam",25,24
"MUS","MUS 263C","1","Adrian Gnam",25,25
"MUS","MUS 263D","1","Montgomery Cole",25,22
"MUS","MUS 263D","2","Brittan Braddock",8,8
"MUS","MUS 263E","1","Montgomery Cole",25,25
"MUS","MUS 263J","1","Jonathan Swygert",10,9
"MUS","MUS 263K","1","Jay Hanselman",10,10
"MUS","MUS 263L","1","James English",10,9
"MUS","MUS 263M","1","Nathan Gay",10,9
"MUS","MUS 263N","1","Nathan Gay",10,10
"MUS","MUS 263R","1","Marcus Reddick",10,10
"MUS","MUS 263T","1","Calista Koch",10,10
"MUS","MUS 263V","1","Terence Cantwell",10,9
"MUS","MUS 265.","1","Martha Malone",10,10
"MUS","MUS 265.","2","Richard Kosowski",10,10
"MUS","MUS 265.","3","Marie Roberts",10,10
"MUS","MUS 266.","1","Kyung-A Yoo",10,10
"MUS","MUS 266.","2","Ian Altman",10,10
"MUS","MUS 266.","3","Robert McReynolds",10,10
"MUS","MUS 267.","1","Jack Mitchener",10,9
"MUS","MUS 268A","1","Kelly Via",25,25
"MUS","MUS 268B","1","Adrian Gnam",25,25
"MUS","MUS 268C","1","Adrian Gnam",25,25
"MUS","MUS 268D","1","Montgomery Cole",25,25
"MUS","MUS 268D","2","Brittan Braddock",8,8
"MUS","MUS 268E","1","Montgomery Cole",25,25
"MUS","MUS 268J","1","Jonathan Swygert",10,10
"MUS","MUS 268K","1","Jay Hanselman",10,10
"MUS","MUS 268L","1","James English",10,10
"MUS","MUS 268M","1","Nathan Gay",10,10
"MUS","MUS 268N","1","Nathan Gay",10,10
"MUS","MUS 268R","1","Marcus Reddick",10,10
"MUS","MUS 268T","1","Calista Koch",10,10
"MUS","MUS 268V","1","Terence Cantwell",10,10
"MUS","MUS 269.","1","Jack Mitchener",10,10
"MUS","MUS 26CW","1","Amy Moretti",10,7
"MUS","MUS 26CX","1","Rebecca Albers",10,9
"MUS","MUS 26CY","1","Julia Albers",10,6
"MUS","MUS 26CZ","1","Daniel Tosky",10,9
"MUS","MUS 271.","1","Jack Mitchener",10,10
"MUS","MUS 278.","1","Christopher Schmitz",20,19
"MUS","MUS 311.","1","Ian Altman",25,23
"MUS","MUS 313.","1","Jack Mitchener",30,30
"MUS","MUS 316.","1","Amy Moretti",15,12
"MUS","MUS 316.","2","Calista Koch",15,13
"MUS","MUS 336.","1","Robert McReynolds",25,25
"MUS","MUS 338.","1","Christopher Schmitz",20,20
"MUS","MUS 340.","1","Stanley Roberts",30,14
"MUS","MUS 360.","1","Martha Malone",10,8
"MUS","MUS 360.","2","Richard Kosowski",10,10
"MUS","MUS 360.","3","Marie Roberts",10,7
"MUS","MUS 361.","1","Kyung-A Yoo",10,10
"MUS","MUS 361.","2","Ian Altman",10,9
"MUS","MUS 361.","3","Robert McReynolds",10,10
"MUS","MUS 362.","1","Jack Mitchener",10,10
"MUS","MUS 363A","1","Kelly Via",25,25
"MUS","MUS 363B","1","Adrian Gnam",25,25
"MUS","MUS 363C","1","Adrian Gnam",25,25
"MUS","MUS 363D","1","Montgomery Cole",25,24
"MUS","MUS 363D","2","Brittan Braddock",8,8
"MUS","MUS 363E","1","Montgomery Cole",25,24
"MUS","MUS 363J","1","Jonathan Swygert",10,10
"MUS","MUS 363K","1","Jay Hanselman",10,10
"MUS","MUS 363L","1","James English",10,10
"MUS","MUS 363M","1","Nathan Gay",10,10
"MUS","MUS 363N","1","Nathan Gay",10,10
"MUS","MUS 363R","1","Marcus Reddick",10,10
"MUS","MUS 363T","1","Calista Koch",10,10
"MUS","MUS 363V","1","Terence Cantwell",8,8
"MUS","MUS 365.","1","Martha Malone",10,10
"MUS","MUS 365.","2","Richard Kosowski",10,10
"MUS","MUS 365.","3","Marie Roberts",10,10
"MUS","MUS 366.","1","Kyung-A Yoo",10,10
"MUS","MUS 366.","2","Ian Altman",10,9
"MUS","MUS 366.","3","Robert McReynolds",10,10
"MUS","MUS 367.","1","Jack Mitchener",10,10
"MUS","MUS 368A","1","Kelly Via",25,25
"MUS","MUS 368B","1","Adrian Gnam",25,25
"MUS","MUS 368C","1","Adrian Gnam",25,25
"MUS","MUS 368D","1","Montgomery Cole",25,25
"MUS","MUS 368D","2","Brittan Braddock",8,8
"MUS","MUS 368E","1","Montgomery Cole",25,25
"MUS","MUS 368J","1","Jonathan Swygert",10,10
"MUS","MUS 368K","1","Jay Hanselman",10,10
"MUS","MUS 368L","1","James English",10,10
"MUS","MUS 368M","1","Nathan Gay",10,10
"MUS","MUS 368N","1","Nathan Gay",10,10
"MUS","MUS 368R","1","Marcus Reddick",10,10
"MUS","MUS 368T","1","Calista Koch",10,10
"MUS","MUS 368V","1","Terence Cantwell",10,10
"MUS","MUS 369.","1","Jack Mitchener",10,10
"MUS","MUS 36CW","1","Amy Moretti",10,9
"MUS","MUS 36CX","1","Rebecca Albers",10,10
"MUS","MUS 36CY","1","Julia Albers",10,10
"MUS","MUS 36CZ","1","Daniel Tosky",10,10
"MUS","MUS 371.","1","Jack Mitchener",10,10
"MUS","MUS 402.","1","Kathryn Rios",50,40
"MUS","MUS 460.","1","Martha Malone",10,10
"MUS","MUS 460.","2","Richard Kosowski",10,10
"MUS","MUS 460.","3","Marie Roberts",10,9
"MUS","MUS 461.","1","Kyung-A Yoo",10,9
"MUS","MUS 461.","2","Ian Altman",10,10
"MUS","MUS 461.","3","Robert McReynolds",10,10
"MUS","MUS 462.","1","Jack Mitchener",10,10
"MUS","MUS 463A","1","Kelly Via",25,25
"MUS","MUS 463B","1","Adrian Gnam",25,25
"MUS","MUS 463C","1","Adrian Gnam",25,25
"MUS","MUS 463D","1","Montgomery Cole",25,25
"MUS","MUS 463D","2","Brittan Braddock",8,8
"MUS","MUS 463E","1","Montgomery Cole",25,25
"MUS","MUS 463J","1","Jonathan Swygert",10,10
"MUS","MUS 463K","1","Jay Hanselman",10,10
"MUS","MUS 463L","1","James English",10,9
"MUS","MUS 463M","1","Nathan Gay",10,10
"MUS","MUS 463N","1","Nathan Gay",10,10
"MUS","MUS 463R","1","Marcus Reddick",10,10
"MUS","MUS 463T","1","Calista Koch",10,10
"MUS","MUS 463V","1","Terence Cantwell",8,8
"MUS","MUS 465.","1","Martha Malone",10,10
"MUS","MUS 465.","2","Richard Kosowski",10,10
"MUS","MUS 465.","3","Marie Roberts",10,10
"MUS","MUS 466.","1","Kyung-A Yoo",10,10
"MUS","MUS 466.","2","Ian Altman",10,10
"MUS","MUS 466.","3","Robert McReynolds",10,10
"MUS","MUS 467.","1","Jack Mitchener",10,9
"MUS","MUS 468A","1","Kelly Via",25,25
"MUS","MUS 468B","1","Adrian Gnam",25,25
"MUS","MUS 468C","1","Adrian Gnam",25,25
"MUS","MUS 468D","1","Montgomery Cole",25,25
"MUS","MUS 468D","2","Brittan Braddock",8,8
"MUS","MUS 468E","1","Montgomery Cole",25,25
"MUS","MUS 468J","1","Jonathan Swygert",10,10
"MUS","MUS 468K","1","Jay Hanselman",10,10
"MUS","MUS 468L","1","James English",10,10
"MUS","MUS 468M","1","Nathan Gay",10,10
"MUS","MUS 468N","1","Nathan Gay",10,10
"MUS","MUS 468R","1","Marcus Reddick",10,10
"MUS","MUS 468T","1","Calista Koch",10,8
"MUS","MUS 468V","1","Terence Cantwell",8,8
"MUS","MUS 469.","1","Jack Mitchener",10,10
"MUS","MUS 46CW","1","Amy Moretti",10,7
"MUS","MUS 46CX","1","Rebecca Albers",10,9
"MUS","MUS 46CY","1","Julia Albers",10,9
"MUS","MUS 46CZ","1","Daniel Tosky",10,10
"MUS","MUS 471.","1","Jack Mitchener",10,10
"MUS","MUS 474.","1","Jeremy Williams",15,11
"MUS","MUS 479.","1","Janet Jarriel",15,4
"MUS","MUS 480.","1","Amy Moretti",15,13
"MUS","MUS 480.","2","Amy Moretti",26,25
"MUS","MUS 480.","4","Stanley Roberts",10,10
"MUS","MUS 480.","5","Robert McReynolds",10,8
"MUS","MUS 480.","6","Calista Koch",15,12
"MUS","MUS 480.","9","Nathan Myrick",5,2
"MUS","MUS PRJ.","1","Douglas Hill",10,10
"MUS","MUS REA.","1","Douglas Hill",10,10
